clade	gene	site	alt
A	F	16	A
A	N	84	R
A	F	540	S
A.1	clade	A	
A.1	F	16	I
A.1	F	122	A
A.2	clade	A	
A.2	F	540	L
A.2	F	547	F
A.2	L	174	G
A.2.1	clade	A.2	
A.2.1	F	125	N
A.2.1	L	148	N
A.2.1.1	clade	A.2.1	
A.2.1.1	F	19	S
A.3	clade	A	
A.3	N	84	K
A.3	L	1764	R
A.3.1	clade	A.3	
A.3.1	F	105	S
A.3.1	F	574	N
A.3.1.1	clade	A.3.1	
A.3.1.1	F	276	S
A.3.1.1	F	540	A
A.3.1.1	L	1725	E
A.3.1.1.1	clade	A.3.1.1	
A.D	clade	A.3.1.1	
A.D	L	598	H
A.D	G	261	Q
A.D.1	clade	A.D	
A.D.1	L	143	D
A.D.1	L	179	S
A.D.1	L	1725	G
A.D.1	M	43	I
A.D.1	G	142	S
A.D.1.1	clade	A.D.1	
A.D.1.1	L	124	I
A.D.1.1	L	234	V
A.D.1.1	L	970	S
A.D.1.1	G	191	S
A.D.1.2	clade	A.D.1	
A.D.1.2	N	104	F
A.D.1.2	M	25	R
A.D.1.3	clade	A.D.1	
A.D.1.3	L	755	G
A.D.1.3	G	100	I
A.D.1.4	clade	A.D.1	
A.D.1.4	F	3	S
A.D.1.4	G	122	V
A.D.1.4	G	273	H
A.D.1.4	L	1735	D
A.D.1.4	L	1934	I
A.D.1.5	clade	A.D.1	
A.D.1.5	F	127	I
A.D.1.5	M2-1	180	A
A.D.1.6	clade	A.D.1	
A.D.1.6	G	106	E
A.D.1.6	L	1724	D
A.D.1.6	L	1690	Y
A.D.1.7	clade	A.D.1	
A.D.1.7	F	57	V
A.D.1.7	F	111	I
A.D.1.7	F	122	A
A.D.2	clade	A.D	
A.D.2	L	598	Y
A.D.2	G	134	I
A.D.2.1	clade	A.D.2	
A.D.2.1	P	69	A
A.D.2.2	clade	A.D.2	
A.D.2.2	L	1731	G
A.D.2.2.1	clade	A.D.2.2	
A.D.2.2.1	L	171	P
A.D.2.2.1	L	256	R
A.D.2.3	clade	A.D.2	
A.D.3	clade	A.D	
A.D.3	F	12	I
A.D.3	G	113	I
A.D.3	L	1725	G
A.D.3.1	clade	A.D.3	
A.D.3.1	F	20	F
A.D.3.1	F	276	N
A.D.3.1	G	101	S
A.D.3.2	clade	A.D.3	
A.D.3.2	L	1653	V
A.D.3.2	F	276	N
A.D.3.2	M	96	I
A.D.3.2	NS1	71	V
A.D.3.3	clade	A.D.3	
A.D.3.3	M2-2	47	Y
A.D.3.3	G	204	N
A.D.3.3	NS1	2	D
A.D.3.4	clade	A.D.3	
A.D.3.4	F	114	Y
A.D.3.4	G	204	R
A.D.3.4	L	559	S
A.D.3.4	L	1314	M
A.D.3.5	clade	A.D.3	
A.D.3.5	M2-2	44	L
A.D.3.5	F	20	F
A.D.3.5	M	43	I
A.D.3.5	N	129	Y
A.D.3.6	clade	A.D.3	
A.D.3.6	M2-1	20	K
A.D.3.6	G	151	H
A.D.3.6	M2-2	23	A
A.D.3.6	NS2	35	V
A.D.4	clade	A.D	
A.D.4	P	63	V
A.D.4	M	47	Q
A.D.4.1	clade	A.D.4	
A.D.4.1	F	123	Q
A.D.4.1	F	384	T
A.D.5	clade	A.D	
A.D.5	L	1723	G
A.D.5	nuc	4168	C
A.D.5.1	clade	A.D.5	
A.D.5.1	N	216	H
A.D.5.1	G	118	I
A.D.5.2	clade	A.D.5	
A.D.5.2	L	1725	G
A.D.5.2	F	103	T
A.D.5.3	clade	A.D.5	
A.D.5.3	F	15	F
A.D.5.3	L	179	A
A.D.5.4	clade	A.D.5	
A.D.5.4	L	189	I
A.D.5.4	L	1722	E
A.D.5.4	M	157	R
